{
  "baseline": {
    "analytical_1d": {
      "psl": [
        [
          0.040879350155591965,
          0.05201274901628494,
          0.043686360120773315,
          0.046836063265800476
        ],
        [
          0.03728238493204117,
          0.05862626060843468,
          0.042006947100162506,
          0.033775247633457184
        ],
        [
          0.04138421639800072,
          0.038842376321554184,
          0.03349468857049942,
          0.03715811297297478
        ],
        [
          0.037124380469322205,
          0.05891190096735954,
          0.03869007155299187,
          0.0439128614962101
        ],
        [
          0.0402340367436409,
          0.043240539729595184,
          0.03491388261318207,
          0.04348720982670784
        ],
        [
          0.04467599466443062,
          0.03735283389687538,
          0.03605848178267479,
          0.05013712868094444
        ],
        [
          0.042191989719867706,
          0.03699151426553726,
          0.04506823047995567,
          0.0424947626888752
        ],
        [
          0.040588267147541046,
          0.03830639645457268,
          0.03790738433599472,
          0.04282292723655701
        ],
        [
          0.037460945546627045,
          0.04491704702377319,
          0.041394516825675964,
          0.048310063779354095
        ],
        [
          0.0367075651884079,
          0.041920196264982224,
          0.05033796653151512,
          0.03849667310714722
        ]
      ],
      "time": [
        483.21426939964294,
        476.9768793582916,
        470.45996475219727,
        475.6855528354645,
        483.1297130584717,
        476.72469997406006,
        477.9945213794708,
        464.30142855644226,
        480.8803560733795,
        474.1329686641693
      ]
    },
    "ad_2d": {
      "psl": [
        [
          0.016960231587290764,
          0.018215371295809746,
          0.018522925674915314,
          0.019596673548221588
        ],
        [
          0.017191840335726738,
          0.018379488959908485,
          0.019205957651138306,
          0.019921699538826942
        ],
        [
          0.017014440149068832,
          0.018685055896639824,
          0.01822206750512123,
          0.019659532234072685
        ],
        [
          0.01723398268222809,
          0.01816166192293167,
          0.018781734630465508,
          0.01982809230685234
        ],
        [
          0.01714611053466797,
          0.018042488023638725,
          0.01861487701535225,
          0.019521133974194527
        ],
        [
          0.01726020872592926,
          0.01792762242257595,
          0.018828297033905983,
          0.020062973722815514
        ],
        [
          0.01740168035030365,
          0.017999734729528427,
          0.019219839945435524,
          0.019812962040305138
        ],
        [
          0.017188785597682,
          0.01831194758415222,
          0.018695548176765442,
          0.01980077475309372
        ],
        [
          0.017037689685821533,
          0.017865067347884178,
          0.018803037703037262,
          0.019978266209363937
        ],
        [
          0.01692332699894905,
          0.01816740445792675,
          0.018988443538546562,
          0.019641531631350517
        ]
      ],
      "time": [
        19.29794192314148,
        19.111252307891846,
        19.701268672943115,
        19.82232928276062,
        19.876235485076904,
        19.15713381767273,
        19.21571636199951,
        18.684134244918823,
        19.150633573532104,
        18.628270387649536
      ]
    },
    "lambda_values": [
      0.0,
      0.5,
      1.0,
      2.0
    ]
  },
  "spectral_mask": {
    "with_mask": {
      "psl": [
        0.018735099583864212,
        0.01855042763054371,
        0.019511930644512177,
        0.01873934082686901,
        0.018637174740433693,
        0.01883498579263687,
        0.018686262890696526,
        0.018756812438368797,
        0.018847238272428513,
        0.019051941111683846
      ],
      "lpi": [
        4.703733793576248e-06,
        4.314216766942991e-06,
        4.460211584955687e-06,
        4.697929853136884e-06,
        4.517449269769713e-06,
        4.7152352635748684e-06,
        4.710826033260673e-06,
        4.9984068937192205e-06,
        4.590079242916545e-06,
        5.115811745781684e-06
      ],
      "mask_energy": [
        1.397947926307097e-05,
        1.9880882973666303e-05,
        1.7227739590452984e-05,
        1.0661186024663039e-05,
        1.9579998479457572e-05,
        1.2001447430520784e-05,
        1.8825510778697208e-05,
        2.329423659830354e-05,
        1.2891956430394202e-05,
        9.999314897868317e-06
      ]
    },
    "without_mask": {
      "psl": [
        0.018034668639302254,
        0.01836423948407173,
        0.018747039139270782,
        0.018022792413830757,
        0.0179137010127306,
        0.018242845311760902,
        0.018280506134033203,
        0.018159294500947,
        0.018282903358340263,
        0.018180841580033302
      ],
      "lpi": [
        2.974389190057991e-06,
        2.663676241354551e-06,
        3.316383299534209e-06,
        2.981671514135087e-06,
        2.3636914647795493e-06,
        2.6690756840253016e-06,
        2.4622925138828577e-06,
        3.4490287816879572e-06,
        2.6147426979150623e-06,
        2.7535352273844182e-06
      ],
      "mask_energy": [
        0.08543630689382553,
        0.07867754995822906,
        0.08052074909210205,
        0.0728355199098587,
        0.07629827409982681,
        0.07976756244897842,
        0.08028091490268707,
        0.08819110691547394,
        0.07865816354751587,
        0.0836854875087738
      ]
    }
  },
  "neural_multi_seed": {
    "psl_mean": [
      0.020668198727071284,
      0.019830332696437837,
      0.019641667790710925,
      0.01955601368099451,
      0.019595677591860296
    ],
    "psl_std": [
      0.000333320927070112,
      0.00025421647731985934,
      0.00024153893502466736,
      0.00015258211843828008,
      0.00018485227213604717
    ],
    "lpi_mean": [
      1.7457745002502634e-06,
      1.4256411645874324e-06,
      1.2504661526691052e-06,
      1.0869811660541017e-06,
      9.788425870738137e-07
    ],
    "lpi_std": [
      1.705288500949501e-07,
      1.4035025751037702e-07,
      1.0783821318319583e-07,
      7.425295156494303e-08,
      5.730870511975264e-08
    ],
    "time_mean": 13.156069040298462,
    "time_std": 0.386059017426091,
    "lambda_values": [
      0.0,
      0.25,
      0.5,
      1.0,
      2.0
    ],
    "num_seeds": 10
  },
  "ablations": {
    "Small (64d,2L)": {
      "psl_db_mean": [
        -31.5,
        -32.2,
        -32.4,
        -32.4
      ],
      "psl_db_std": [
        0.2,
        0.2,
        0.1,
        0.1
      ],
      "params": 16960
    },
    "Medium (128d,3L)": {
      "psl_db_mean": [
        -32.6,
        -33.2,
        -33.3,
        -33.3
      ],
      "psl_db_std": [
        0.1,
        0.2,
        0.1,
        0.1
      ],
      "params": 67200
    },
    "Full (256d,4L)": {
      "psl_db_mean": [
        -31.8,
        -32.3,
        -32.4,
        -32.4
      ],
      "psl_db_std": [
        0.5,
        0.2,
        0.2,
        0.3
      ],
      "params": 332288
    },
    "Large (512d,4L)": {
      "psl_db_mean": [
        -30.7,
        -31.6,
        -31.8,
        -31.7
      ],
      "psl_db_std": [
        0.8,
        0.5,
        0.4,
        0.3
      ],
      "params": 1188608
    },
    "Full, 50ep": {
      "psl_db_mean": [
        -30.7,
        -31.3,
        -31.3,
        -31.1
      ],
      "psl_db_std": [
        0.3,
        0.3,
        0.4,
        0.2
      ],
      "params": 332288
    },
    "Full, 100ep": {
      "psl_db_mean": [
        -31.4,
        -31.9,
        -31.9,
        -32.0
      ],
      "psl_db_std": [
        0.1,
        0.2,
        0.3,
        0.2
      ],